filepath,filename,width,height,n_pixels,n_unique_colors,file_size_bytes,entropy_bits,O_rank_by_entropy
".\data\images\Historical_Tin_by_Desjardin_Metal_Packaging,_France.jpg","Historical_Tin_by_Desjardin_Metal_Packaging,_France.jpg",640,480,307200,21674,15263,2.7945577184226416,1
.\data\images\Pouva_Start_schraegfrontal_links_Sucher_und_Objektiv_offen_2022.jpg,Pouva_Start_schraegfrontal_links_Sucher_und_Objektiv_offen_2022.jpg,640,426,272640,9004,21975,3.0570164343508544,2
.\data\images\2019101602_Locher_Rueckseite_Schraegansicht_2019.jpg,2019101602_Locher_Rueckseite_Schraegansicht_2019.jpg,640,427,273280,8834,17932,3.311248275399121,3
.\data\images\Pataliputra_capital_(white_background).jpg,Pataliputra_capital_(white_background).jpg,640,558,357120,256,97870,3.721058720704504,4
.\data\images\Cherry_Stella444.jpg,Cherry_Stella444.jpg,640,640,409600,35001,28943,4.055047706993619,5
.\data\images\Black_Leather_Hermes_Shoulder_Bag_-_DPLA_-_0b27d01782af4c0fe73446eebd53b05a_(page_1).jpg,Black_Leather_Hermes_Shoulder_Bag_-_DPLA_-_0b27d01782af4c0fe73446eebd53b05a_(page_1).jpg,640,427,273280,5329,22021,4.178075938163641,6
.\data\images\IPhone_SE_4.7__product_red_back.jpg,IPhone_SE_4.7__product_red_back.jpg,640,533,341120,21721,25206,4.593959251686739,7
.\data\images\PlayStation-SCPH-1000-with-Controller.jpg,PlayStation-SCPH-1000-with-Controller.jpg,640,278,177920,2900,24048,5.0427630632077305,8
.\data\images\Northbridge_Street_Slip.JPG,Northbridge_Street_Slip.JPG,640,427,273280,37747,38618,5.711669005403129,9
.\data\images\Hammer-Fäustel-spanische_Form-1500gr_1.JPG,Hammer-Fäustel-spanische_Form-1500gr_1.JPG,640,792,506880,11724,30315,6.018708052846263,10
.\data\images\IPhone_SE_4.7__product_red_front.jpg,IPhone_SE_4.7__product_red_front.jpg,640,536,343040,18721,23904,6.0952201087364735,11
.\data\images\2019101601_Locher_2019.jpg,2019101601_Locher_2019.jpg,640,427,273280,7898,21653,6.100699436089605,12
.\data\images\Mahr_Micromar_40A_0–25_mm_Micrometer.jpg,Mahr_Micromar_40A_0–25_mm_Micrometer.jpg,640,302,193280,9071,29614,6.152616566977564,13
".\data\images\Black_Titanium_Frame_Eyeglasses,_JINS_MTF-16S-151B,_2.jpg","Black_Titanium_Frame_Eyeglasses,_JINS_MTF-16S-151B,_2.jpg",640,427,273280,4647,21686,6.522305984741251,14
.\data\images\Tree_and_treetops_in_a_snowy_field.jpg,Tree_and_treetops_in_a_snowy_field.jpg,640,427,273280,1263,20886,6.555587976032172,15
.\data\images\640px-Bob_Barker_1958_Truth_or_Consequences_headshot.jpg,640px-Bob_Barker_1958_Truth_or_Consequences_headshot.jpg,640,865,553600,256,63314,6.793777873422982,16
.\data\images\Veronica_Lake_still_2.jpg,Veronica_Lake_still_2.jpg,640,793,507520,256,120565,7.204755257141148,17
.\data\images\Black_Leather_Coat_of_Charles_A._Lindbergh_-_DPLA_-_eec840e73527f044387d2568bbdb7f20_(page_31).jpg,Black_Leather_Coat_of_Charles_A._Lindbergh_-_DPLA_-_eec840e73527f044387d2568bbdb7f20_(page_31).jpg,640,427,273280,4591,33351,7.206905858778768,18
.\data\images\Ricardo_Cortés.jpg,Ricardo_Cortés.jpg,640,778,497920,256,54520,7.230670913692171,19
.\data\images\Red_Christmas_present_on_white_background.jpg,Red_Christmas_present_on_white_background.jpg,640,444,284160,33326,56151,7.272312383231946,20
.\data\images\Cameron_Mitchell_studio_portrait_c._1940s.jpg,Cameron_Mitchell_studio_portrait_c._1940s.jpg,640,727,465280,256,81851,7.436204432008256,21
".\data\images\Dülmen,_Kirchspiel,_Bauerschaft_Börnste_--_2021_--_4406_(bw).jpg","Dülmen,_Kirchspiel,_Bauerschaft_Börnste_--_2021_--_4406_(bw).jpg",640,427,273280,256,136315,7.467455646576296,22
.\data\images\Prince_1980_(cropped).jpg,Prince_1980_(cropped).jpg,640,842,538880,251,92895,7.496901335386593,23
.\data\images\640px-William_Haines.jpg,640px-William_Haines.jpg,640,851,544640,221,48363,7.501650304612305,24
.\data\images\Mahr_Millimess_1003_4334000_mechanical_dial_comparator.jpg,Mahr_Millimess_1003_4334000_mechanical_dial_comparator.jpg,640,854,546560,44002,69888,7.5053264820197425,25
.\data\images\Winter_Cotswold_landscape_-_geograph.org.uk_-_1164655.jpg,Winter_Cotswold_landscape_-_geograph.org.uk_-_1164655.jpg,640,426,272640,6281,28729,7.590588216062897,26
.\data\images\Lana_Turner_-_Marriage_is_a_Private_Affair_portrait_(cropped).jpg,Lana_Turner_-_Marriage_is_a_Private_Affair_portrait_(cropped).jpg,640,634,405760,256,111124,7.5911043692299405,27
.\data\images\Janet_Leigh_-_Red_Danube_portrait.jpg,Janet_Leigh_-_Red_Danube_portrait.jpg,640,793,507520,2480,55297,7.781255437781388,28
.\data\images\640px-Studio_publicity_Susan_Hayward.jpg,640px-Studio_publicity_Susan_Hayward.jpg,640,852,545280,256,63344,7.849956635900128,29
.\data\images\Keith_Jarrett.jpg,Keith_Jarrett.jpg,640,757,484480,256,92035,7.853092206947277,30
.\data\images\Croome_Park_in_snow_-_geograph.org.uk_-_335112.jpg,Croome_Park_in_snow_-_geograph.org.uk_-_335112.jpg,640,426,272640,6216,25473,7.85422643681216,31
.\data\images\Studio_publicity_Kirk_Douglas.jpg,Studio_publicity_Kirk_Douglas.jpg,640,799,511360,256,91029,7.886710679460894,32
.\data\images\North_Field_in_the_February_Snow_-_geograph.org.uk_-_335078.jpg,North_Field_in_the_February_Snow_-_geograph.org.uk_-_335078.jpg,640,427,273280,7294,57247,8.267110445829358,33
.\data\images\Snow_covered_hill_in_gray_scale_(Unsplash).jpg,Snow_covered_hill_in_gray_scale_(Unsplash).jpg,640,480,307200,8975,64483,8.324692615147264,34
.\data\images\King_Street_Sneak.JPG,King_Street_Sneak.JPG,640,446,285440,45679,37984,8.403162609399294,35
.\data\images\Snow_Covered_Landscape_-_geograph.org.uk_-_2802707.jpg,Snow_Covered_Landscape_-_geograph.org.uk_-_2802707.jpg,640,480,307200,24140,59918,8.491787720247384,36
.\data\images\640px-Burger_King_Poké_Ball_-_closed.jpg,640px-Burger_King_Poké_Ball_-_closed.jpg,640,742,474880,45233,49301,9.16690713123148,37
.\data\images\GB_Network_PCI_Card.jpg,GB_Network_PCI_Card.jpg,640,404,258560,47590,58516,9.36979389767917,38
".\data\images\A562,_Philadelphia,_Pennsylvania,_United_States,_city_skyline_at_night_from_Spring_Garden_Street_Bridge,_2017.jpg","A562,_Philadelphia,_Pennsylvania,_United_States,_city_skyline_at_night_from_Spring_Garden_Street_Bridge,_2017.jpg",640,256,163840,27651,36979,9.394079721901798,39
.\data\images\Simple_landscape_-_geograph.org.uk_-_1153862.jpg,Simple_landscape_-_geograph.org.uk_-_1153862.jpg,640,426,272640,8939,50373,9.50473208666478,40
".\data\images\Cleared_Landscape,_Sutherland_-_geograph.org.uk_-_5623805.jpg","Cleared_Landscape,_Sutherland_-_geograph.org.uk_-_5623805.jpg",640,360,230400,16066,47086,9.556573834053221,41
.\data\images\Ona_Munson_(1929_portrait).jpg,Ona_Munson_(1929_portrait).jpg,640,701,448640,3506,54664,9.64196858153252,42
.\data\images\Amanda_Edwards_headshot_(1).jpg,Amanda_Edwards_headshot_(1).jpg,640,853,545920,23512,59371,9.652986957948329,43
.\data\images\Barbara_Ann_Wilcox_Kennedy_High_School_1971A.jpg,Barbara_Ann_Wilcox_Kennedy_High_School_1971A.jpg,640,835,534400,5147,49136,9.879503375146463,44
.\data\images\Auckland_City_^_Skytower_at_night_-_Flickr_-_111_Emergency_(1).jpg,Auckland_City_^_Skytower_at_night_-_Flickr_-_111_Emergency_(1).jpg,640,426,272640,31344,31423,10.051179088585831,45
".\data\images\Snowy_Landscape,_west_of_Rhydgaled_-_geograph.org.uk_-_1157925.jpg","Snowy_Landscape,_west_of_Rhydgaled_-_geograph.org.uk_-_1157925.jpg",640,480,307200,10557,49940,10.163038166093,46
".\data\images\640px-Killpecker_Sand_Dunes_(Leucite_Hills,_north_of_Rock_Springs,_Wyoming,_USA)_22_(48921610572).jpg","640px-Killpecker_Sand_Dunes_(Leucite_Hills,_north_of_Rock_Springs,_Wyoming,_USA)_22_(48921610572).jpg",640,335,214400,24011,44890,10.52552073380217,47
".\data\images\640px-Western_Desert,_Sand_dunes,_Dakhla,_Egypt.jpg","640px-Western_Desert,_Sand_dunes,_Dakhla,_Egypt.jpg",640,427,273280,7968,54671,10.657003056542797,48
.\data\images\Alex_Quaison_Sackey_(portrait).jpg,Alex_Quaison_Sackey_(portrait).jpg,640,887,567680,16833,191940,10.702128733459285,49
.\data\images\Hedge_in_winter.jpg,Hedge_in_winter.jpg,640,446,285440,34762,101615,10.911095024711503,50
.\data\images\Simple_landscape_-_geograph.org.uk_-_1155374.jpg,Simple_landscape_-_geograph.org.uk_-_1155374.jpg,640,427,273280,14694,61174,10.990132545020252,51
.\data\images\Kim_Hunter_autographed_portrait_(front)_(cropped).jpg,Kim_Hunter_autographed_portrait_(front)_(cropped).jpg,640,721,461440,9820,90571,11.040563922405426,52
.\data\images\Snow_^_Clouds_-_panoramio.jpg,Snow_^_Clouds_-_panoramio.jpg,640,427,273280,19137,42954,11.109290323016051,53
.\data\images\Crowd_on_the_Market_Place_-_Whittlesea_Straw_Bear_Festival_2013_-_geograph.org.uk_-_3293447.jpg,Crowd_on_the_Market_Place_-_Whittlesea_Straw_Bear_Festival_2013_-_geograph.org.uk_-_3293447.jpg,640,480,307200,36770,61855,11.52187996677387,54
.\data\images\Snow_landscape_at_sundown_-_geograph.org.uk_-_1152786.jpg,Snow_landscape_at_sundown_-_geograph.org.uk_-_1152786.jpg,640,480,307200,16604,38188,11.53083371186499,55
".\data\images\Juist,_Memmertfeuer_--_2014_--_3533.jpg","Juist,_Memmertfeuer_--_2014_--_3533.jpg",640,640,409600,47904,63597,11.546022472469861,56
.\data\images\San_Francisco_City_Lights_-_Flickr_-_Joe_Parks.jpg,San_Francisco_City_Lights_-_Flickr_-_Joe_Parks.jpg,640,202,129280,22775,22297,11.552607991933547,57
".\data\images\Snow_covered_landscape_,_Kings_Langley_-_geograph.org.uk_-_2259355.jpg","Snow_covered_landscape_,_Kings_Langley_-_geograph.org.uk_-_2259355.jpg",640,390,249600,9201,52386,11.61291121198241,58
".\data\images\Thar_Desert,_India,_Sand_dunes.jpg","Thar_Desert,_India,_Sand_dunes.jpg",640,427,273280,12392,93022,11.693533834619071,59
.\data\images\640px-The_city_of_blinding_lights_(3918750768).jpg,640px-The_city_of_blinding_lights_(3918750768).jpg,640,427,273280,43190,53740,11.737200805552202,60
".\data\images\Amboy_(California,_USA)_--_2012_--_4.jpg","Amboy_(California,_USA)_--_2012_--_4.jpg",640,427,273280,47684,48826,11.836861519919697,61
.\data\images\640px-Photography_by_Victor_Albert_Grigas_(1919-2017)_IDEAS_00023_Iowa_48_snow_1948_(49346566161).jpg,640px-Photography_by_Victor_Albert_Grigas_(1919-2017)_IDEAS_00023_Iowa_48_snow_1948_(49346566161).jpg,640,459,293760,27582,68325,11.858510684041782,62
.\data\images\Night_lights_-_panoramio_-_fabiolah.jpg,Night_lights_-_panoramio_-_fabiolah.jpg,640,480,307200,39022,53015,11.862029258120907,63
".\data\images\Sand_dune_in_the_desert,_Sahara_Desert,_Egypt.jpg","Sand_dune_in_the_desert,_Sahara_Desert,_Egypt.jpg",640,427,273280,13123,99903,11.872266230689775,64
.\data\images\Melvyn_Douglas_vintage_1940s_studio_portrait_(cropped2).jpg,Melvyn_Douglas_vintage_1940s_studio_portrait_(cropped2).jpg,640,853,545920,16085,92331,11.908965223280802,65
.\data\images\Russ_Feingold_Official_Portrait_3.jpg,Russ_Feingold_Official_Portrait_3.jpg,640,811,519040,56217,83594,11.923966643838614,66
.\data\images\Blue_sky_and_clouds_over_lake.jpg,Blue_sky_and_clouds_over_lake.jpg,640,391,250240,23572,24966,12.052088449913121,67
".\data\images\Dunes,_Désert_du_Thar.jpg","Dunes,_Désert_du_Thar.jpg",640,413,264320,14094,45503,12.054484489167699,68
".\data\images\640px-Joe_Donnelly,_official_portrait,_113th_Congress.jpg","640px-Joe_Donnelly,_official_portrait,_113th_Congress.jpg",640,800,512000,66071,93432,12.071968228895049,69
.\data\images\Night_Lights_of_Jeruasalem_from_Mount_Scopus_(7623841378).jpg,Night_Lights_of_Jeruasalem_from_Mount_Scopus_(7623841378).jpg,640,427,273280,38320,44298,12.11169678567532,70
".\data\images\Sand_dunes_in_the_desert,_Sahara_Desert,_Dakhla_Oasis,_Egypt.jpg","Sand_dunes_in_the_desert,_Sahara_Desert,_Dakhla_Oasis,_Egypt.jpg",640,427,273280,16677,117981,12.124523147644764,71
.\data\images\Ottalie_Mark.jpg,Ottalie_Mark.jpg,640,781,499840,18612,194554,12.176316798880194,72
.\data\images\Snow_covered_Cotswold_landscape_-_geograph.org.uk_-_1154564.jpg,Snow_covered_Cotswold_landscape_-_geograph.org.uk_-_1154564.jpg,640,426,272640,18721,62580,12.207143795104912,73
.\data\images\640px-The_Desert_Ultra_-_Sand_Dunes.jpg,640px-The_Desert_Ultra_-_Sand_Dunes.jpg,640,960,614400,20890,63468,12.261870098948528,74
.\data\images\Sam_Brownback_official_portrait_2_headshot.jpg,Sam_Brownback_official_portrait_2_headshot.jpg,640,666,426240,35844,75415,12.308921106959968,75
.\data\images\Sand_dunes_of_thar_desert.jpg,Sand_dunes_of_thar_desert.jpg,640,480,307200,21297,75464,12.356507302498809,76
.\data\images\Landscape_near_Bamburgh_-_geograph.org.uk_-_1639776.jpg,Landscape_near_Bamburgh_-_geograph.org.uk_-_1639776.jpg,640,474,303360,26451,88992,12.367580103122814,77
.\data\images\Imperial_Sand_Dunes_Recreation_Area_(29032875605).jpg,Imperial_Sand_Dunes_Recreation_Area_(29032875605).jpg,640,322,206080,18291,47890,12.39407975165504,78
".\data\images\Front_facade_of_St._George's_Parish_Church,_Piran,_Slovenia,_20240504_1727_8693.jpg","Front_facade_of_St._George's_Parish_Church,_Piran,_Slovenia,_20240504_1727_8693.jpg",640,658,421120,56161,107830,12.405432019072709,79
.\data\images\Curtain_wall_architecture_building.jpg,Curtain_wall_architecture_building.jpg,640,480,307200,32082,61209,12.419325849609773,80
".\data\images\Dülmen,_Kirchspiel,_Feld_in_Börnste_--_2016_--_0383.jpg","Dülmen,_Kirchspiel,_Feld_in_Börnste_--_2016_--_0383.jpg",640,427,273280,25174,106897,12.467027960322895,81
.\data\images\640px-City_Lights_–_Singapore_(3402557962).jpg,640px-City_Lights_–_Singapore_(3402557962).jpg,640,281,179840,48948,49654,12.522315944596665,82
".\data\images\Castillo_de_Montuenga,_Montuenga_de_Soria,_Soria,_España,_2017-05-23,_DD_04.jpg","Castillo_de_Montuenga,_Montuenga_de_Soria,_Soria,_España,_2017-05-23,_DD_04.jpg",640,337,215680,32529,47685,12.529507026531249,83
.\data\images\640px-Clouds_in_the_sky_landscape.jpg,640px-Clouds_in_the_sky_landscape.jpg,640,480,307200,24453,52356,12.586210241595069,84
.\data\images\Sen._Martha_McSally_official_Senate_headshot_116th_congress_(cropped).jpg,Sen._Martha_McSally_official_Senate_headshot_116th_congress_(cropped).jpg,640,800,512000,38747,110756,12.605310843876117,85
".\data\images\Mumbai,_India,_Bombay,_Mumbai_city_skyline_at_night.jpg","Mumbai,_India,_Bombay,_Mumbai_city_skyline_at_night.jpg",640,427,273280,39167,58991,12.689849150885092,86
.\data\images\Snow_over_a_field_of_Joshua_trees_in_Lost_Horse_Valley_(51194767674).jpg,Snow_over_a_field_of_Joshua_trees_in_Lost_Horse_Valley_(51194767674).jpg,640,427,273280,19223,62673,12.70288386642131,87
.\data\images\Sand_dunes_in_desert_day.jpg,Sand_dunes_in_desert_day.jpg,640,853,545920,61608,199611,12.74544147993296,88
.\data\images\Desert_Sand_Dunes_near_sunset.jpg,Desert_Sand_Dunes_near_sunset.jpg,640,480,307200,33919,44014,12.752808938075665,89
".\data\images\Münster,_Fürstbischöfliches_Schloss_--_2018_--_1930-31_(cropped).jpg","Münster,_Fürstbischöfliches_Schloss_--_2018_--_1930-31_(cropped).jpg",640,360,230400,58051,55531,12.794912596068786,90
.\data\images\Čičmany_landscape_-_panoramio_(1).jpg,Čičmany_landscape_-_panoramio_(1).jpg,640,480,307200,37270,56246,12.796801728986075,91
.\data\images\Blue_sky_with_clouds_above_ploughed_farmland.jpg,Blue_sky_with_clouds_above_ploughed_farmland.jpg,640,750,480000,38985,78944,12.882759740485902,92
.\data\images\Sand_Dunes_sa.jpg,Sand_Dunes_sa.jpg,640,427,273280,27777,53426,12.936184772576443,93
".\data\images\Schloss_Augustusburg,_Western_Facade,_November_2017.jpg","Schloss_Augustusburg,_Western_Facade,_November_2017.jpg",640,293,187520,42043,53504,12.950624233558123,94
".\data\images\Trees_rising_out_of_Cheow_Lan_Lake,_blue_sky,_eternal_summer_in_Surat_Thani_edited.jpg","Trees_rising_out_of_Cheow_Lan_Lake,_blue_sky,_eternal_summer_in_Surat_Thani_edited.jpg",640,444,284160,37655,60393,12.958252450062892,95
.\data\images\Lake_Helen_in_June_2022-6022.jpg,Lake_Helen_in_June_2022-6022.jpg,640,382,244480,33653,91540,13.03770128607074,96
.\data\images\Blue_sky_and_white_clouds_above_Highpark_Wood_-_geograph.org.uk_-_6318192.jpg,Blue_sky_and_white_clouds_above_Highpark_Wood_-_geograph.org.uk_-_6318192.jpg,640,480,307200,29727,54062,13.06786782132734,97
.\data\images\Auckland_Harbour_Bridge_Girder.jpg,Auckland_Harbour_Bridge_Girder.jpg,640,853,545920,54874,128546,13.105313808608702,98
.\data\images\Cirrus_uncinus_clouds_in_the_morning_sky.jpg,Cirrus_uncinus_clouds_in_the_morning_sky.jpg,640,427,273280,29646,69875,13.108177420374792,99
.\data\images\A_sand_dune_in_the_Maranjab_Desert_of_Iran-_Photographer_Mostafa_Meraji_10.jpg,A_sand_dune_in_the_Maranjab_Desert_of_Iran-_Photographer_Mostafa_Meraji_10.jpg,640,427,273280,25429,111847,13.143179952031876,100
.\data\images\Landscape_in_Snow_-_panoramio.jpg,Landscape_in_Snow_-_panoramio.jpg,640,478,305920,28056,105942,13.190253088752469,101
.\data\images\USA_Lassen_NP_Kings_Creek_CA.jpg,USA_Lassen_NP_Kings_Creek_CA.jpg,640,204,130560,28828,37802,13.223665517020528,102
.\data\images\Industrial_Building_2012-09-05_20-57-46.jpg,Industrial_Building_2012-09-05_20-57-46.jpg,640,480,307200,28298,91852,13.23801719585784,103
.\data\images\Barley_crop_-blue_sky-4May2008.jpg,Barley_crop_-blue_sky-4May2008.jpg,640,427,273280,26779,61639,13.28189381167721,104
".\data\images\Sand_dunes,_Libyan_Desert,_Dakhla_Oasis,_Egypt.jpg","Sand_dunes,_Libyan_Desert,_Dakhla_Oasis,_Egypt.jpg",640,427,273280,35656,84614,13.371977061588208,105
.\data\images\WC_Office_Building_04.jpg,WC_Office_Building_04.jpg,640,424,271360,45600,65260,13.462938705426131,106
.\data\images\Snow_covering_a_field.jpg,Snow_covering_a_field.jpg,640,480,307200,37781,84787,13.472463751490267,107
.\data\images\Datunshan_Navigation_Station_under_white_clouds_and_blue_sky_on_13th_February_2016.jpg,Datunshan_Navigation_Station_under_white_clouds_and_blue_sky_on_13th_February_2016.jpg,640,427,273280,49468,86576,13.494767610318817,108
.\data\images\Derby_Market_Hall_-_crowd_(3)_-_24_May_2025.jpg,Derby_Market_Hall_-_crowd_(3)_-_24_May_2025.jpg,640,427,273280,54298,88326,13.495719987470485,109
.\data\images\City_Lights_-_geograph.org.uk_-_1209794.jpg,City_Lights_-_geograph.org.uk_-_1209794.jpg,640,332,212480,57024,71765,13.542193472572436,110
.\data\images\Snow_near_Widford_-_geograph.org.uk_-_1155123.jpg,Snow_near_Widford_-_geograph.org.uk_-_1155123.jpg,640,429,274560,45227,75841,13.549680631217987,111
.\data\images\Milky_blue_sky_03.jpg,Milky_blue_sky_03.jpg,640,480,307200,51714,59873,13.556521798889897,112
.\data\images\Gara_Elin_Pelin_-_Bridge_01.jpg,Gara_Elin_Pelin_-_Bridge_01.jpg,640,960,614400,90473,136562,13.605551703423158,113
.\data\images\Saskatoon_city_night_lights_(8207291646).jpg,Saskatoon_city_night_lights_(8207291646).jpg,640,320,204800,40562,75882,13.609906016756877,114
.\data\images\Christmas_market_crowd_-_Winchester_-_geograph.org.uk_-_4288743.jpg,Christmas_market_crowd_-_Winchester_-_geograph.org.uk_-_4288743.jpg,640,425,272000,63770,76427,13.634720722090055,115
.\data\images\Raphael_Warnock_official_photo_(cropped).jpg,Raphael_Warnock_official_photo_(cropped).jpg,640,796,509440,67579,115545,13.667984617550708,116
.\data\images\640px-122_-_Toronto_-_Septembre_2009.jpg,640px-122_-_Toronto_-_Septembre_2009.jpg,640,172,110080,37427,26069,13.682732062011599,117
".\data\images\Coronation_crowd_in_Market_Place,_Romsey_-_geograph.org.uk_-_7475355.jpg","Coronation_crowd_in_Market_Place,_Romsey_-_geograph.org.uk_-_7475355.jpg",640,480,307200,73401,106626,13.722521215833915,118
.\data\images\Grey_Lynn_Festival_Images_2009_II.jpg,Grey_Lynn_Festival_Images_2009_II.jpg,640,480,307200,65478,77504,13.728835477527062,119
.\data\images\Sydney_skyline_at_dusk_-_Dec_2008.jpg,Sydney_skyline_at_dusk_-_Dec_2008.jpg,640,253,161920,56150,40620,13.791095557036492,120
".\data\images\Seattle_(WA,_USA),_Museum_of_Pop_Culture,_Fassade_--_2022_--_1588.jpg","Seattle_(WA,_USA),_Museum_of_Pop_Culture,_Fassade_--_2022_--_1588.jpg",640,427,273280,63745,61801,13.832113610026905,121
".\data\images\Québec_city_at_night,_view_from_Lévis_city.jpg","Québec_city_at_night,_view_from_Lévis_city.jpg",640,420,268800,73339,74546,13.886028472322103,122
.\data\images\Two_blue_water_meters_on_a_matte_red_painted_brick_facade_with_pipes_in_Seoul.jpg,Two_blue_water_meters_on_a_matte_red_painted_brick_facade_with_pipes_in_Seoul.jpg,640,427,273280,46049,74229,13.914810481146912,123
".\data\images\Field,_corn,_Liechtenstein,_Mountains,_Alps,_Vaduz,_sky,_clouds,_landscape.jpg","Field,_corn,_Liechtenstein,_Mountains,_Alps,_Vaduz,_sky,_clouds,_landscape.jpg",640,480,307200,71658,83101,13.94759615822242,124
".\data\images\ADAC-Zentrale,_Munich,_March_2017-05.jpg","ADAC-Zentrale,_Munich,_March_2017-05.jpg",640,429,274560,93046,86617,13.968123485175461,125
.\data\images\640px-Namib-Naukluft_Sand_Dunes_(2011).jpg,640px-Namib-Naukluft_Sand_Dunes_(2011).jpg,640,291,186240,49190,35847,13.994241089421006,126
.\data\images\Blue_sky_and_clouds_over_Wingra_Park_(53942516981).jpg,Blue_sky_and_clouds_over_Wingra_Park_(53942516981).jpg,640,405,259200,54005,82558,14.030691423039281,127
.\data\images\Mesquite_Sand_Dunes_in_Death_Valley.jpg,Mesquite_Sand_Dunes_in_Death_Valley.jpg,640,427,273280,60394,75752,14.030866600536367,128
.\data\images\Office_building_on_High_Holborn_-_geograph.org.uk_-_5652256.jpg,Office_building_on_High_Holborn_-_geograph.org.uk_-_5652256.jpg,640,853,545920,65318,131161,14.031005523926227,129
".\data\images\640px-Florida_city,_USA,_at_night.jpg","640px-Florida_city,_USA,_at_night.jpg",640,456,291840,104357,90295,14.053114170273842,130
".\data\images\In_the_Mojave_desert,_near_Kelso,_California_-_a_visit_to_the_Kelso_dunes_-_sand_ripples_(13843366605).jpg","In_the_Mojave_desert,_near_Kelso,_California_-_a_visit_to_the_Kelso_dunes_-_sand_ripples_(13843366605).jpg",640,427,273280,43207,64174,14.068215759578813,131
".\data\images\Édifice_Price_at_night,_Quebec_city,_Canada.jpg","Édifice_Price_at_night,_Quebec_city,_Canada.jpg",640,416,266240,68794,76392,14.079680299024597,132
.\data\images\Irbid_city_at_night.jpg,Irbid_city_at_night.jpg,640,360,230400,75056,60576,14.13602547425289,133
".\data\images\Facade_of_the_Bank_of_America_building_in_Midland,_TX.jpg","Facade_of_the_Bank_of_America_building_in_Midland,_TX.jpg",640,853,545920,85598,170983,14.142411787629161,134
.\data\images\Trusses_Under_Bridge_(106013177).jpeg,Trusses_Under_Bridge_(106013177).jpeg,640,427,273280,49771,82382,14.149984518217899,135
.\data\images\Black_bench_near_blue_ocean_under_blue_sky.jpg,Black_bench_near_blue_ocean_under_blue_sky.jpg,640,427,273280,64397,77362,14.178206874462044,136
.\data\images\City_of_London._Night_time_lights.jpg,City_of_London._Night_time_lights.jpg,640,594,380160,108520,125763,14.191722698158397,137
.\data\images\Pirogue_running_from_the_Nam_Khan_river_to_the_Mekong_a_sunny_day_in_Luang_Prabang_Laos.jpg,Pirogue_running_from_the_Nam_Khan_river_to_the_Mekong_a_sunny_day_in_Luang_Prabang_Laos.jpg,640,400,256000,67706,69557,14.199923713315364,138
.\data\images\640px-St._Petersburg_church.jpg,640px-St._Petersburg_church.jpg,640,852,545280,144711,210915,14.204152082495348,139
".\data\images\Clouds_and_blue_sky,_Magheragart_-_geograph.org.uk_-_6587153.jpg","Clouds_and_blue_sky,_Magheragart_-_geograph.org.uk_-_6587153.jpg",640,428,273920,62033,96112,14.261388783188512,140
.\data\images\Busy_crowd_on_Market_Place_at_St_Albans_Market.jpg,Busy_crowd_on_Market_Place_at_St_Albans_Market.jpg,640,480,307200,82694,117120,14.2940493829442,141
.\data\images\640px-Panorama_City_at_Night_l_Kuala_Lumpur._Malaysia_(8456604898).jpg,640px-Panorama_City_at_Night_l_Kuala_Lumpur._Malaysia_(8456604898).jpg,640,198,126720,48469,46536,14.310916438543178,142
".\data\images\Pershing_Square,_Los_Angeles_(24326878745).jpg","Pershing_Square,_Los_Angeles_(24326878745).jpg",640,427,273280,96484,108187,14.320045361810813,143
".\data\images\640px-Maine_Route_103_York_River_Bridge,_NEXT_Beams.jpg","640px-Maine_Route_103_York_River_Bridge,_NEXT_Beams.jpg",640,480,307200,61929,93219,14.363769125793725,144
.\data\images\Shalom_Shalome_Apartment_(Close_Up_of_Facade).jpg,Shalom_Shalome_Apartment_(Close_Up_of_Facade).jpg,640,400,256000,58242,99814,14.389437551696005,145
.\data\images\HK_WCN_Wan_Chai_North_Gloucester_Road_office_building_facade_華潤大廈_China_Resources_Building_night_November_2025.jpg,HK_WCN_Wan_Chai_North_Gloucester_Road_office_building_facade_華潤大廈_China_Resources_Building_night_November_2025.jpg,640,481,307840,103623,130879,14.40471553684796,146
".\data\images\St_Patrick_Day's_Crowd_in_Market_Street,_Downpatrick_-_geograph.org.uk_-_2853323.jpg","St_Patrick_Day's_Crowd_in_Market_Street,_Downpatrick_-_geograph.org.uk_-_2853323.jpg",640,441,282240,83079,94620,14.4139187298982,147
.\data\images\Sen._Marsha_Blackburn_(R-TN)_official_headshot_-_116th_Congress_(alt_crop).jpg,Sen._Marsha_Blackburn_(R-TN)_official_headshot_-_116th_Congress_(alt_crop).jpg,640,800,512000,67508,158807,14.423051207805443,148
.\data\images\Namdaemun_market_in_Seoul_I.jpg,Namdaemun_market_in_Seoul_I.jpg,640,480,307200,87379,111090,14.469853056507654,149
".\data\images\宜蘭縣羅東鎮_羅東夜市_Luodong_Night_Market(Luodong,Yilan)_-_panoramio.jpg","宜蘭縣羅東鎮_羅東夜市_Luodong_Night_Market(Luodong,Yilan)_-_panoramio.jpg",640,480,307200,110093,94678,14.52005778374445,150
.\data\images\Lille_euratechno_usine_face.jpg,Lille_euratechno_usine_face.jpg,640,418,267520,77559,86035,14.547248347269353,151
".\data\images\Church,_Göttweig_Abbey,_Austria,_20210729_1426_1033.jpg","Church,_Göttweig_Abbey,_Austria,_20210729_1426_1033.jpg",640,849,543360,96916,157239,14.625422900857496,152
.\data\images\Crowd_at_the_stage_of_Christopher_Street_Day_Berlin_2023-07-22_01.jpg,Crowd_at_the_stage_of_Christopher_Street_Day_Berlin_2023-07-22_01.jpg,640,428,273920,101113,99511,14.636651011365554,153
.\data\images\Crowds_on_Fuxing_Road_20120417_night.jpg,Crowds_on_Fuxing_Road_20120417_night.jpg,640,479,306560,107919,113320,14.666596392497361,154
".\data\images\Santa_Parade_Christmas_2014_-_departing_crowd_in_Market_Street,_Tenbury_Wells,_Worcs_-_geograph.org.uk_-_42966.jpg","Santa_Parade_Christmas_2014_-_departing_crowd_in_Market_Street,_Tenbury_Wells,_Worcs_-_geograph.org.uk_-_42966.jpg",640,426,272640,82320,102892,14.69786404093075,155
.\data\images\HK_WC_Wan_Chai_One_Hennessy_office_building_facade_n_PCCW_n_Duke_of_Windsor_Social_Service_Building_May_2025_R.jpg,HK_WC_Wan_Chai_One_Hennessy_office_building_facade_n_PCCW_n_Duke_of_Windsor_Social_Service_Building_May_2025_R.jpg,640,480,307200,85186,115256,14.771521874226227,156
.\data\images\Senator_Blunt_Rochester_Official_Portrait_(cropped).jpg,Senator_Blunt_Rochester_Official_Portrait_(cropped).jpg,640,828,529920,91432,153353,14.779057475201075,157
".\data\images\Sylvester_Apartment_Building,_Fayette_Street_facade.jpg","Sylvester_Apartment_Building,_Fayette_Street_facade.jpg",640,495,316800,84600,114218,14.82747894738908,158
.\data\images\Portland_Night_panorama.jpg,Portland_Night_panorama.jpg,640,129,82560,46707,31642,14.838924068977592,159
".\data\images\Panorama_of_fall_foliage_in_Greenfield,_Massachusetts.jpg","Panorama_of_fall_foliage_in_Greenfield,_Massachusetts.jpg",640,227,145280,78988,62457,14.844177887265221,160
.\data\images\Makati_City_Lights_(Jopet_Sy)_-_Flickr.jpg,Makati_City_Lights_(Jopet_Sy)_-_Flickr.jpg,640,401,256640,72449,113718,14.851115177083429,161
".\data\images\Blue_sky_and_an_occasional_cloud,_Crosh_-_geograph.org.uk_-_6138773.jpg","Blue_sky_and_an_occasional_cloud,_Crosh_-_geograph.org.uk_-_6138773.jpg",640,428,273920,96665,114344,14.912618005830147,162
.\data\images\Patterned_door_(6239425873).jpg,Patterned_door_(6239425873).jpg,640,960,614400,71651,204034,14.937244263883088,163
.\data\images\Hehuan_Lodge_under_blue_sky_with_clouds_on_2_November_2004.jpg,Hehuan_Lodge_under_blue_sky_with_clouds_on_2_November_2004.jpg,640,430,275200,84600,92540,14.941225424096697,164
.\data\images\GD_廣東_ZS_中山市_Zhongshan_東區_Dong_District_興政路_XingZheng_Road_office_building_facade_August_2024_R12S_01.jpg,GD_廣東_ZS_中山市_Zhongshan_東區_Dong_District_興政路_XingZheng_Road_office_building_facade_August_2024_R12S_01.jpg,640,480,307200,75758,131602,14.954475386072925,165
.\data\images\640px-Sossusvlei_sand_dunes.jpg,640px-Sossusvlei_sand_dunes.jpg,640,479,306560,83020,104983,15.012072173045489,166
.\data\images\Wooden_hut_fence_mountains_and_blue_sky_in_the_green_rice_fields_of_Vang_Vieng_in_Laos.jpg,Wooden_hut_fence_mountains_and_blue_sky_in_the_green_rice_fields_of_Vang_Vieng_in_Laos.jpg,640,320,204800,76442,67308,15.038854250822428,167
.\data\images\Leaning_trees_over_the_grassy_hillock_of_Nodong-ri_tombs_clouds_and_blue_sky_in_Gyeongju_South_Korea.jpg,Leaning_trees_over_the_grassy_hillock_of_Nodong-ri_tombs_clouds_and_blue_sky_in_Gyeongju_South_Korea.jpg,640,400,256000,80320,91292,15.061445948115178,168
".\data\images\20231222.Christkindlmarkt_in_Wien,_Rathausplatz.-025.jpg","20231222.Christkindlmarkt_in_Wien,_Rathausplatz.-025.jpg",640,480,307200,105172,114885,15.072059680732004,169
.\data\images\View_of_crowds_of_people_in_Borough_Market_from_Stoney_Street_-_geograph.org.uk_-_4677255.jpg,View_of_crowds_of_people_in_Borough_Market_from_Stoney_Street_-_geograph.org.uk_-_4677255.jpg,640,428,273920,81900,107895,15.082662801749901,170
.\data\images\Sand_dunes_of_Maranjab_Desert_in_Kavir_National_Park.jpg,Sand_dunes_of_Maranjab_Desert_in_Kavir_National_Park.jpg,640,495,316800,87120,68813,15.128690154180063,171
.\data\images\HK_Hung_Hom_MTR_Station_lobby_hall_interior_glass_curtain_windows_Mar-2013.JPG,HK_Hung_Hom_MTR_Station_lobby_hall_interior_glass_curtain_windows_Mar-2013.JPG,640,480,307200,87722,114026,15.148287131071442,172
.\data\images\Daxi_Old_Street_Crowd.jpg,Daxi_Old_Street_Crowd.jpg,640,425,272000,92352,113967,15.257335059875146,173
.\data\images\Autumn_foliage_2012_(8252559265).jpg,Autumn_foliage_2012_(8252559265).jpg,640,424,271360,132170,98123,15.331371456897067,174
".\data\images\Punch_and_Judy_Show,_Market_Street,_Omagh_-_geograph.org.uk_-_391643.jpg","Punch_and_Judy_Show,_Market_Street,_Omagh_-_geograph.org.uk_-_391643.jpg",640,349,223360,97926,61321,15.362411648298579,175
.\data\images\Sand_Dunes_WSA_7_-_Rock_Springs_Field_Office.jpg,Sand_Dunes_WSA_7_-_Rock_Springs_Field_Office.jpg,640,427,273280,80039,115754,15.372329999208358,176
.\data\images\Autumn-trees-leaves-foliage-sunset_-_West_Virginia_-_ForestWander.jpg,Autumn-trees-leaves-foliage-sunset_-_West_Virginia_-_ForestWander.jpg,640,427,273280,117031,156608,15.639846213157998,177
".\data\images\Serrakunda_market,_The_Gambia_(15603189793).jpg","Serrakunda_market,_The_Gambia_(15603189793).jpg",640,480,307200,132345,96002,15.71655271077555,178
.\data\images\Brick_Facade_Odense_Denmark.jpg,Brick_Facade_Odense_Denmark.jpg,640,427,273280,85456,138016,15.762041594262811,179
.\data\images\Autumn_foliage_2012_(8253623526).jpg,Autumn_foliage_2012_(8253623526).jpg,640,424,271360,124413,102872,15.764140964967504,180
.\data\images\Lille_84_rue_de_trevise_usine.jpg,Lille_84_rue_de_trevise_usine.jpg,640,427,273280,100680,145485,15.798668696369376,181
.\data\images\PEI_autumn_foliage.jpg,PEI_autumn_foliage.jpg,640,427,273280,132454,129075,15.800784354752095,182
.\data\images\2019-11-26_11_52_53_Leaves_on_a_Sugar_Maple_in_late_autumn_along_Thorngate_Drive_in_the_Franklin_Farm_section_.jpg,2019-11-26_11_52_53_Leaves_on_a_Sugar_Maple_in_late_autumn_along_Thorngate_Drive_in_the_Franklin_Farm_section_.jpg,640,480,307200,134483,183079,15.805126946823615,183
.\data\images\Autumn_foliage_2012_(8253631592).jpg,Autumn_foliage_2012_(8253631592).jpg,640,424,271360,124500,120113,15.900896549909305,184
.\data\images\Autumn_Foliage_-_Acadia_National_Park_(52471605452).jpg,Autumn_Foliage_-_Acadia_National_Park_(52471605452).jpg,640,800,512000,213366,231088,15.98823417264263,185
".\data\images\Autumn_leaves_in_Vanhakaupunki,_Helsinki,_Finland;_2024_October_–_01.jpg","Autumn_leaves_in_Vanhakaupunki,_Helsinki,_Finland;_2024_October_–_01.jpg",640,425,272000,131196,145453,15.997837705024093,186
.\data\images\Borough_Market_on_a_busy_Saturday_-_geograph.org.uk_-_1162446.jpg,Borough_Market_on_a_busy_Saturday_-_geograph.org.uk_-_1162446.jpg,640,343,219520,111506,101090,16.077091148091178,187
.\data\images\Festival_Time_in_Dali_(48418711482).jpg,Festival_Time_in_Dali_(48418711482).jpg,640,480,307200,154917,121866,16.349359137484267,188
.\data\images\The_Northern_Ghana_Blue_Skies_View.jpg,The_Northern_Ghana_Blue_Skies_View.jpg,640,421,269440,134464,94198,16.372049937086224,189
.\data\images\Autumn_foliage_2012_(8253659960).jpg,Autumn_foliage_2012_(8253659960).jpg,640,424,271360,135422,110922,16.408676468947696,190
.\data\images\India_-_Chennai_-_busy_T._Nagar_market_2_(3059483658).jpg,India_-_Chennai_-_busy_T._Nagar_market_2_(3059483658).jpg,640,480,307200,164097,132633,16.508748219877425,191
.\data\images\Autumn_foliage_2012_(8252567245).jpg,Autumn_foliage_2012_(8252567245).jpg,640,424,271360,130002,114178,16.56088840245105,192
.\data\images\Autumn_Leaves_begin_to_fall_Mt_Wilson-04_(26972121811).jpg,Autumn_Leaves_begin_to_fall_Mt_Wilson-04_(26972121811).jpg,640,427,273280,159020,185343,16.70278290315391,193
".\data\images\Autumn_Leaves_at_Blue_Mountains,_Australia.jpg","Autumn_Leaves_at_Blue_Mountains,_Australia.jpg",640,480,307200,167128,180478,16.748296433088775,194
.\data\images\2023-11-14_14_39_23_Norway_Maple_changing_color_and_shedding_leaves_in_autumn_along_Mountain_View_Road_in_the_.jpg,2023-11-14_14_39_23_Norway_Maple_changing_color_and_shedding_leaves_in_autumn_along_Mountain_View_Road_in_the_.jpg,640,853,545920,206202,347785,16.76657440262959,195
".\data\images\Autumn_at_Hondo-ji_temple,_Chiba;_November_2017_(10).jpg","Autumn_at_Hondo-ji_temple,_Chiba;_November_2017_(10).jpg",640,360,230400,145940,129222,16.81341638283137,196
.\data\images\Acer_saccharum_Equinox_Mountain_Vermont.jpg,Acer_saccharum_Equinox_Mountain_Vermont.jpg,640,500,320000,187041,216449,16.940473602143364,197
".\data\images\Autumn_leaves,_Talcott_Mountain_State_Park.jpg","Autumn_leaves,_Talcott_Mountain_State_Park.jpg",640,427,273280,168053,170621,16.991802964174642,198
.\data\images\Autumn_foliage_2012_(8252574085).jpg,Autumn_foliage_2012_(8252574085).jpg,640,966,618240,261433,305000,17.330016994338095,199
.\data\images\Autumn_foliage_2012_(8252565415).jpg,Autumn_foliage_2012_(8252565415).jpg,640,966,618240,282685,288196,17.382979867338054,200
